[
  {
    "model": "travella.account",
    "pk": "d310dbc2-8c54-44c2-8b71-a04b9af581d5",
    "fields": {
      "email": "admin@example.com",
      "password": "pbkdf2_sha256$1000000$b0jTdW3KnYWo4KnjlffxSl$mjFsP8a3UR7L+pOazekueL1fpgKUjaEBLDsbGAge9Vo=",
      "role": "admin",
      "is_active": true,
      "is_staff": true,
      "createdAt": "2025-08-16T09:00:00Z",
      "updatedAt": "2025-08-16T09:00:00Z"
    }
  },
  {
    "model": "travella.accountdetail",
    "pk": "ee85e7f4-ffb4-4a13-bd39-f9551a0331ce",
    "fields": {
      "name": "Admin",
      "address": "Yangon, Myanmar",
      "phone": "0912345678",
      "account": "d310dbc2-8c54-44c2-8b71-a04b9af581d5",
      "createdAt": "2025-08-16T09:00:00Z",
      "updatedAt": "2025-08-16T09:00:00Z"
    }
  },
  {
    "model": "travella.account",
    "pk": "ca4cdc9a-c258-4b72-b3e3-4346a41b6f5f",
    "fields": {
      "email": "mod1@example.com",
      "password": "pbkdf2_sha256$1000000$b0jTdW3KnYWo4KnjlffxSl$mjFsP8a3UR7L+pOazekueL1fpgKUjaEBLDsbGAge9Vo=",
      "role": "mod",
      "is_active": true,
      "is_staff": false,
      "createdAt": "2025-08-16T09:00:00Z",
      "updatedAt": "2025-08-16T09:00:00Z"
    }
  },
  {
    "model": "travella.accountdetail",
    "pk": "b108a16d-e352-4bb5-bf17-4afca3415162",
    "fields": {
      "name": "Mod1",
      "address": "Yangon, Myanmar",
      "phone": "0912345678",
      "account": "ca4cdc9a-c258-4b72-b3e3-4346a41b6f5f",
      "createdAt": "2025-08-16T09:00:00Z",
      "updatedAt": "2025-08-16T09:00:00Z"
    }
  },
  {
    "model": "travella.account",
    "pk": "25cdafac-3fa5-433f-bab0-0dfbe6336fc2",
    "fields": {
      "email": "mod2@example.com",
      "password": "pbkdf2_sha256$1000000$b0jTdW3KnYWo4KnjlffxSl$mjFsP8a3UR7L+pOazekueL1fpgKUjaEBLDsbGAge9Vo=",
      "role": "mod",
      "is_active": true,
      "is_staff": false,
      "createdAt": "2025-08-16T09:00:00Z",
      "updatedAt": "2025-08-16T09:00:00Z"
    }
  },
  {
    "model": "travella.accountdetail",
    "pk": "56a89322-7014-4da8-ab86-a78b7dced9d7",
    "fields": {
      "name": "Mod2",
      "address": "Yangon, Myanmar",
      "phone": "0912345678",
      "account": "25cdafac-3fa5-433f-bab0-0dfbe6336fc2",
      "createdAt": "2025-08-16T09:00:00Z",
      "updatedAt": "2025-08-16T09:00:00Z"
    }
  },
  {
    "model": "travella.account",
    "pk": "597c6964-27e3-44cf-bd52-bb471c0b398c",
    "fields": {
      "email": "cust1@example.com",
      "password": "pbkdf2_sha256$1000000$b0jTdW3KnYWo4KnjlffxSl$mjFsP8a3UR7L+pOazekueL1fpgKUjaEBLDsbGAge9Vo=",
      "role": "customer",
      "is_active": true,
      "is_staff": false,
      "createdAt": "2025-08-16T09:00:00Z",
      "updatedAt": "2025-08-16T09:00:00Z"
    }
  },
  {
    "model": "travella.accountdetail",
    "pk": "6771b2e9-6e1a-4c21-ae92-6a3201b2e22b",
    "fields": {
      "name": "Cust1",
      "address": "Yangon, Myanmar",
      "phone": "0912345678",
      "account": "597c6964-27e3-44cf-bd52-bb471c0b398c",
      "createdAt": "2025-08-16T09:00:00Z",
      "updatedAt": "2025-08-16T09:00:00Z"
    }
  },
  {
    "model": "travella.account",
    "pk": "fb729b3b-db35-43bf-9859-b7d89274092b",
    "fields": {
      "email": "cust2@example.com",
      "password": "pbkdf2_sha256$1000000$b0jTdW3KnYWo4KnjlffxSl$mjFsP8a3UR7L+pOazekueL1fpgKUjaEBLDsbGAge9Vo=",
      "role": "customer",
      "is_active": true,
      "is_staff": false,
      "createdAt": "2025-08-16T09:00:00Z",
      "updatedAt": "2025-08-16T09:00:00Z"
    }
  },
  {
    "model": "travella.accountdetail",
    "pk": "10b7a1df-739e-4d2c-9915-92a86dc10f9d",
    "fields": {
      "name": "Cust2",
      "address": "Yangon, Myanmar",
      "phone": "0912345678",
      "account": "fb729b3b-db35-43bf-9859-b7d89274092b",
      "createdAt": "2025-08-16T09:00:00Z",
      "updatedAt": "2025-08-16T09:00:00Z"
    }
  },
  {
    "model": "travella.account",
    "pk": "3e3fd5fb-36c0-48d4-a3ac-a3bbb615e805",
    "fields": {
      "email": "cust3@example.com",
      "password": "pbkdf2_sha256$1000000$b0jTdW3KnYWo4KnjlffxSl$mjFsP8a3UR7L+pOazekueL1fpgKUjaEBLDsbGAge9Vo=",
      "role": "customer",
      "is_active": true,
      "is_staff": false,
      "createdAt": "2025-08-16T09:00:00Z",
      "updatedAt": "2025-08-16T09:00:00Z"
    }
  },
  {
    "model": "travella.accountdetail",
    "pk": "12f57f65-0785-450d-a7a9-b8d0518475fb",
    "fields": {
      "name": "Cust3",
      "address": "Yangon, Myanmar",
      "phone": "0912345678",
      "account": "3e3fd5fb-36c0-48d4-a3ac-a3bbb615e805",
      "createdAt": "2025-08-16T09:00:00Z",
      "updatedAt": "2025-08-16T09:00:00Z"
    }
  },
  {
    "model": "travella.location",
    "pk": 1,
    "fields": {
      "name": "Yangon",
      "createdAt": "2025-08-16T09:00:00Z",
      "updatedAt": "2025-08-16T09:00:00Z"
    }
  },
  {
    "model": "travella.location",
    "pk": 2,
    "fields": {
      "name": "Mandalay",
      "createdAt": "2025-08-16T09:00:00Z",
      "updatedAt": "2025-08-16T09:00:00Z"
    }
  },
  {
    "model": "travella.location",
    "pk": 3,
    "fields": {
      "name": "Bagan",
      "createdAt": "2025-08-16T09:00:00Z",
      "updatedAt": "2025-08-16T09:00:00Z"
    }
  },
  {
    "model": "travella.location",
    "pk": 4,
    "fields": {
      "name": "Inle Lake",
      "createdAt": "2025-08-16T09:00:00Z",
      "updatedAt": "2025-08-16T09:00:00Z"
    }
  },
  {
    "model": "travella.location",
    "pk": 5,
    "fields": {
      "name": "Naypyidaw",
      "createdAt": "2025-08-16T09:00:00Z",
      "updatedAt": "2025-08-16T09:00:00Z"
    }
  },
  {
    "model": "travella.location",
    "pk": 6,
    "fields": {
      "name": "Kalaw",
      "createdAt": "2025-08-16T09:00:00Z",
      "updatedAt": "2025-08-16T09:00:00Z"
    }
  },
  {
    "model": "travella.location",
    "pk": 7,
    "fields": {
      "name": "Ngapali",
      "createdAt": "2025-08-16T09:00:00Z",
      "updatedAt": "2025-08-16T09:00:00Z"
    }
  },
  {
    "model": "travella.location",
    "pk": 8,
    "fields": {
      "name": "Pyin Oo Lwin",
      "createdAt": "2025-08-16T09:00:00Z",
      "updatedAt": "2025-08-16T09:00:00Z"
    }
  },
  {
    "model": "travella.location",
    "pk": 9,
    "fields": {
      "name": "Hsipaw",
      "createdAt": "2025-08-16T09:00:00Z",
      "updatedAt": "2025-08-16T09:00:00Z"
    }
  },
  {
    "model": "travella.location",
    "pk": 10,
    "fields": {
      "name": "Myeik",
      "createdAt": "2025-08-16T09:00:00Z",
      "updatedAt": "2025-08-16T09:00:00Z"
    }
  },
  {
    "model": "travella.category",
    "pk": 1,
    "fields": {
      "name": "Relaxation",
      "createdBy": "d310dbc2-8c54-44c2-8b71-a04b9af581d5",
      "createdAt": "2025-08-16T09:00:00Z",
      "updatedAt": "2025-08-16T09:00:00Z"
    }
  },
  {
    "model": "travella.category",
    "pk": 2,
    "fields": {
      "name": "Adventure",
      "createdBy": "d310dbc2-8c54-44c2-8b71-a04b9af581d5",
      "createdAt": "2025-08-16T09:00:00Z",
      "updatedAt": "2025-08-16T09:00:00Z"
    }
  },
  {
    "model": "travella.category",
    "pk": 3,
    "fields": {
      "name": "Culture",
      "createdBy": "d310dbc2-8c54-44c2-8b71-a04b9af581d5",
      "createdAt": "2025-08-16T09:00:00Z",
      "updatedAt": "2025-08-16T09:00:00Z"
    }
  },
  {
    "model": "travella.category",
    "pk": 4,
    "fields": {
      "name": "History",
      "createdBy": "d310dbc2-8c54-44c2-8b71-a04b9af581d5",
      "createdAt": "2025-08-16T09:00:00Z",
      "updatedAt": "2025-08-16T09:00:00Z"
    }
  },
  {
    "model": "travella.category",
    "pk": 5,
    "fields": {
      "name": "Wildlife",
      "createdBy": "d310dbc2-8c54-44c2-8b71-a04b9af581d5",
      "createdAt": "2025-08-16T09:00:00Z",
      "updatedAt": "2025-08-16T09:00:00Z"
    }
  },
  {
    "model": "travella.category",
    "pk": 6,
    "fields": {
      "name": "Trekking",
      "createdBy": "d310dbc2-8c54-44c2-8b71-a04b9af581d5",
      "createdAt": "2025-08-16T09:00:00Z",
      "updatedAt": "2025-08-16T09:00:00Z"
    }
  },
  {
    "model": "travella.category",
    "pk": 7,
    "fields": {
      "name": "Beach",
      "createdBy": "d310dbc2-8c54-44c2-8b71-a04b9af581d5",
      "createdAt": "2025-08-16T09:00:00Z",
      "updatedAt": "2025-08-16T09:00:00Z"
    }
  },
  {
    "model": "travella.category",
    "pk": 8,
    "fields": {
      "name": "Festival",
      "createdBy": "d310dbc2-8c54-44c2-8b71-a04b9af581d5",
      "createdAt": "2025-08-16T09:00:00Z",
      "updatedAt": "2025-08-16T09:00:00Z"
    }
  },
  {
    "model": "travella.category",
    "pk": 9,
    "fields": {
      "name": "Culinary",
      "createdBy": "d310dbc2-8c54-44c2-8b71-a04b9af581d5",
      "createdAt": "2025-08-16T09:00:00Z",
      "updatedAt": "2025-08-16T09:00:00Z"
    }
  },
  {
    "model": "travella.category",
    "pk": 10,
    "fields": {
      "name": "Pilgrimage",
      "createdBy": "d310dbc2-8c54-44c2-8b71-a04b9af581d5",
      "createdAt": "2025-08-16T09:00:00Z",
      "updatedAt": "2025-08-16T09:00:00Z"
    }
  },
  {
    "model": "travella.package",
    "pk": "59e63275-37eb-4ad6-9a40-ec0bc3831f8a",
    "fields": {
      "code": "REL-001",
      "title": "Relaxation Tour 1",
      "overview": "Enjoy the best of Relaxation in Myanmar.",
      "departure": "2025-08-21",
      "duration": 5,
      "transportation": 1,
      "price": "199.99",
      "availableTicket": 20,
      "cover_photo": null,
      "createdBy": "ca4cdc9a-c258-4b72-b3e3-4346a41b6f5f",
      "category": 1,
      "createdAt": "2025-08-16T09:00:00Z",
      "updatedAt": "2025-08-16T09:00:00Z"
    }
  },
  {
    "model": "travella.package",
    "pk": "17a1c4e5-a947-4fd3-b716-62a55a3ae336",
    "fields": {
      "code": "ADV-002",
      "title": "Adventure Tour 2",
      "overview": "Enjoy the best of Adventure in Myanmar.",
      "departure": "2025-08-22",
      "duration": 6,
      "transportation": 2,
      "price": "199.99",
      "availableTicket": 20,
      "cover_photo": null,
      "createdBy": "ca4cdc9a-c258-4b72-b3e3-4346a41b6f5f",
      "category": 2,
      "createdAt": "2025-08-16T09:00:00Z",
      "updatedAt": "2025-08-16T09:00:00Z"
    }
  },
  {
    "model": "travella.package",
    "pk": "a226e071-60ca-4354-96a2-639171d39e81",
    "fields": {
      "code": "CUL-003",
      "title": "Culture Tour 3",
      "overview": "Enjoy the best of Culture in Myanmar.",
      "departure": "2025-08-23",
      "duration": 7,
      "transportation": 1,
      "price": "199.99",
      "availableTicket": 20,
      "cover_photo": null,
      "createdBy": "ca4cdc9a-c258-4b72-b3e3-4346a41b6f5f",
      "category": 3,
      "createdAt": "2025-08-16T09:00:00Z",
      "updatedAt": "2025-08-16T09:00:00Z"
    }
  },
  {
    "model": "travella.package",
    "pk": "7baa7b5e-4a93-47d5-af9c-c638054c211c",
    "fields": {
      "code": "HIS-004",
      "title": "History Tour 4",
      "overview": "Enjoy the best of History in Myanmar.",
      "departure": "2025-08-24",
      "duration": 8,
      "transportation": 2,
      "price": "199.99",
      "availableTicket": 20,
      "cover_photo": null,
      "createdBy": "ca4cdc9a-c258-4b72-b3e3-4346a41b6f5f",
      "category": 4,
      "createdAt": "2025-08-16T09:00:00Z",
      "updatedAt": "2025-08-16T09:00:00Z"
    }
  },
  {
    "model": "travella.package",
    "pk": "b90a41c3-177a-4de2-8f9e-164a78eb4ed1",
    "fields": {
      "code": "WIL-005",
      "title": "Wildlife Tour 5",
      "overview": "Enjoy the best of Wildlife in Myanmar.",
      "departure": "2025-08-25",
      "duration": 9,
      "transportation": 1,
      "price": "199.99",
      "availableTicket": 20,
      "cover_photo": null,
      "createdBy": "ca4cdc9a-c258-4b72-b3e3-4346a41b6f5f",
      "category": 5,
      "createdAt": "2025-08-16T09:00:00Z",
      "updatedAt": "2025-08-16T09:00:00Z"
    }
  },
  {
    "model": "travella.package",
    "pk": "efe35a3a-d7a4-4d6c-952d-d48f938cae69",
    "fields": {
      "code": "TRE-006",
      "title": "Trekking Tour 6",
      "overview": "Enjoy the best of Trekking in Myanmar.",
      "departure": "2025-08-26",
      "duration": 10,
      "transportation": 2,
      "price": "199.99",
      "availableTicket": 20,
      "cover_photo": null,
      "createdBy": "ca4cdc9a-c258-4b72-b3e3-4346a41b6f5f",
      "category": 6,
      "createdAt": "2025-08-16T09:00:00Z",
      "updatedAt": "2025-08-16T09:00:00Z"
    }
  },
  {
    "model": "travella.package",
    "pk": "e07c7cd4-78d0-4904-9980-b6fbc9255af4",
    "fields": {
      "code": "BEA-007",
      "title": "Beach Tour 7",
      "overview": "Enjoy the best of Beach in Myanmar.",
      "departure": "2025-08-27",
      "duration": 11,
      "transportation": 1,
      "price": "199.99",
      "availableTicket": 20,
      "cover_photo": null,
      "createdBy": "ca4cdc9a-c258-4b72-b3e3-4346a41b6f5f",
      "category": 7,
      "createdAt": "2025-08-16T09:00:00Z",
      "updatedAt": "2025-08-16T09:00:00Z"
    }
  },
  {
    "model": "travella.package",
    "pk": "1c2df966-c79b-4392-ae88-b91a1ea7f417",
    "fields": {
      "code": "FES-008",
      "title": "Festival Tour 8",
      "overview": "Enjoy the best of Festival in Myanmar.",
      "departure": "2025-08-28",
      "duration": 12,
      "transportation": 2,
      "price": "199.99",
      "availableTicket": 20,
      "cover_photo": null,
      "createdBy": "ca4cdc9a-c258-4b72-b3e3-4346a41b6f5f",
      "category": 8,
      "createdAt": "2025-08-16T09:00:00Z",
      "updatedAt": "2025-08-16T09:00:00Z"
    }
  },
  {
    "model": "travella.package",
    "pk": "b7bcb284-fcd0-4b12-9f86-b5d2a77c75df",
    "fields": {
      "code": "CUL-009",
      "title": "Culinary Tour 9",
      "overview": "Enjoy the best of Culinary in Myanmar.",
      "departure": "2025-08-29",
      "duration": 13,
      "transportation": 1,
      "price": "199.99",
      "availableTicket": 20,
      "cover_photo": null,
      "createdBy": "ca4cdc9a-c258-4b72-b3e3-4346a41b6f5f",
      "category": 9,
      "createdAt": "2025-08-16T09:00:00Z",
      "updatedAt": "2025-08-16T09:00:00Z"
    }
  },
  {
    "model": "travella.package",
    "pk": "2c651aed-d455-4942-b9c9-4d9c337c21a9",
    "fields": {
      "code": "PIL-010",
      "title": "Pilgrimage Tour 10",
      "overview": "Enjoy the best of Pilgrimage in Myanmar.",
      "departure": "2025-08-30",
      "duration": 14,
      "transportation": 2,
      "price": "199.99",
      "availableTicket": 20,
      "cover_photo": null,
      "createdBy": "ca4cdc9a-c258-4b72-b3e3-4346a41b6f5f",
      "category": 10,
      "createdAt": "2025-08-16T09:00:00Z",
      "updatedAt": "2025-08-16T09:00:00Z"
    }
  },
  {
    "model": "travella.booking",
    "pk": "beb24660-999f-4e5f-ab0d-fc464bd83a72",
    "fields": {
      "status": 1,
      "ticketCount": 1,
      "unitPrice": "199.99",
      "statusUpdatedAt": "2025-08-16T09:00:00Z",
      "package": "59e63275-37eb-4ad6-9a40-ec0bc3831f8a",
      "customer": "d310dbc2-8c54-44c2-8b71-a04b9af581d5",
      "createdAt": "2025-08-16T09:00:00Z",
      "updatedAt": "2025-08-16T09:00:00Z"
    }
  },
  {
    "model": "travella.booking",
    "pk": "02af7ea0-c0f1-4b63-8e62-b443062ac5fa",
    "fields": {
      "status": 2,
      "ticketCount": 2,
      "unitPrice": "199.99",
      "statusUpdatedAt": "2025-08-16T09:00:00Z",
      "package": "17a1c4e5-a947-4fd3-b716-62a55a3ae336",
      "customer": "ca4cdc9a-c258-4b72-b3e3-4346a41b6f5f",
      "createdAt": "2025-08-16T09:00:00Z",
      "updatedAt": "2025-08-16T09:00:00Z"
    }
  },
  {
    "model": "travella.booking",
    "pk": "46de9b4b-344b-453d-8fca-a60cf8deb743",
    "fields": {
      "status": 3,
      "ticketCount": 3,
      "unitPrice": "199.99",
      "statusUpdatedAt": "2025-08-16T09:00:00Z",
      "package": "a226e071-60ca-4354-96a2-639171d39e81",
      "customer": "25cdafac-3fa5-433f-bab0-0dfbe6336fc2",
      "createdAt": "2025-08-16T09:00:00Z",
      "updatedAt": "2025-08-16T09:00:00Z"
    }
  },
  {
    "model": "travella.booking",
    "pk": "e2838429-27dd-4aac-b2d8-b80ee52f9d28",
    "fields": {
      "status": 1,
      "ticketCount": 4,
      "unitPrice": "199.99",
      "statusUpdatedAt": "2025-08-16T09:00:00Z",
      "package": "7baa7b5e-4a93-47d5-af9c-c638054c211c",
      "customer": "597c6964-27e3-44cf-bd52-bb471c0b398c",
      "createdAt": "2025-08-16T09:00:00Z",
      "updatedAt": "2025-08-16T09:00:00Z"
    }
  },
  {
    "model": "travella.booking",
    "pk": "15bd49bf-a29a-43a9-a365-85ec85be49ec",
    "fields": {
      "status": 2,
      "ticketCount": 5,
      "unitPrice": "199.99",
      "statusUpdatedAt": "2025-08-16T09:00:00Z",
      "package": "b90a41c3-177a-4de2-8f9e-164a78eb4ed1",
      "customer": "fb729b3b-db35-43bf-9859-b7d89274092b",
      "createdAt": "2025-08-16T09:00:00Z",
      "updatedAt": "2025-08-16T09:00:00Z"
    }
  },
  {
    "model": "travella.booking",
    "pk": "d9109912-ea50-4ce9-9922-ffa30a5db918",
    "fields": {
      "status": 3,
      "ticketCount": 1,
      "unitPrice": "199.99",
      "statusUpdatedAt": "2025-08-16T09:00:00Z",
      "package": "efe35a3a-d7a4-4d6c-952d-d48f938cae69",
      "customer": "3e3fd5fb-36c0-48d4-a3ac-a3bbb615e805",
      "createdAt": "2025-08-16T09:00:00Z",
      "updatedAt": "2025-08-16T09:00:00Z"
    }
  },
  {
    "model": "travella.booking",
    "pk": "5fba0b15-d3c1-438b-9d11-dff604102bd7",
    "fields": {
      "status": 1,
      "ticketCount": 2,
      "unitPrice": "199.99",
      "statusUpdatedAt": "2025-08-16T09:00:00Z",
      "package": "e07c7cd4-78d0-4904-9980-b6fbc9255af4",
      "customer": "d310dbc2-8c54-44c2-8b71-a04b9af581d5",
      "createdAt": "2025-08-16T09:00:00Z",
      "updatedAt": "2025-08-16T09:00:00Z"
    }
  },
  {
    "model": "travella.booking",
    "pk": "c5daf745-efb7-42bd-b892-5f86ff24c60d",
    "fields": {
      "status": 2,
      "ticketCount": 3,
      "unitPrice": "199.99",
      "statusUpdatedAt": "2025-08-16T09:00:00Z",
      "package": "1c2df966-c79b-4392-ae88-b91a1ea7f417",
      "customer": "ca4cdc9a-c258-4b72-b3e3-4346a41b6f5f",
      "createdAt": "2025-08-16T09:00:00Z",
      "updatedAt": "2025-08-16T09:00:00Z"
    }
  },
  {
    "model": "travella.booking",
    "pk": "3dd99164-2e73-47fd-9ace-1e26853ca5f8",
    "fields": {
      "status": 3,
      "ticketCount": 4,
      "unitPrice": "199.99",
      "statusUpdatedAt": "2025-08-16T09:00:00Z",
      "package": "b7bcb284-fcd0-4b12-9f86-b5d2a77c75df",
      "customer": "25cdafac-3fa5-433f-bab0-0dfbe6336fc2",
      "createdAt": "2025-08-16T09:00:00Z",
      "updatedAt": "2025-08-16T09:00:00Z"
    }
  },
  {
    "model": "travella.booking",
    "pk": "81a92049-63f0-441a-9276-e8361809d334",
    "fields": {
      "status": 1,
      "ticketCount": 5,
      "unitPrice": "199.99",
      "statusUpdatedAt": "2025-08-16T09:00:00Z",
      "package": "2c651aed-d455-4942-b9c9-4d9c337c21a9",
      "customer": "597c6964-27e3-44cf-bd52-bb471c0b398c",
      "createdAt": "2025-08-16T09:00:00Z",
      "updatedAt": "2025-08-16T09:00:00Z"
    }
  },
  {
    "model": "travella.booking",
    "pk": "0e927759-6cb1-43a6-913c-2024b8813450",
    "fields": {
      "status": 2,
      "ticketCount": 1,
      "unitPrice": "199.99",
      "statusUpdatedAt": "2025-08-16T09:00:00Z",
      "package": "59e63275-37eb-4ad6-9a40-ec0bc3831f8a",
      "customer": "fb729b3b-db35-43bf-9859-b7d89274092b",
      "createdAt": "2025-08-16T09:00:00Z",
      "updatedAt": "2025-08-16T09:00:00Z"
    }
  },
  {
    "model": "travella.booking",
    "pk": "5f60f85a-f7ec-4254-95d9-d2f8b5f43c5e",
    "fields": {
      "status": 3,
      "ticketCount": 2,
      "unitPrice": "199.99",
      "statusUpdatedAt": "2025-08-16T09:00:00Z",
      "package": "17a1c4e5-a947-4fd3-b716-62a55a3ae336",
      "customer": "3e3fd5fb-36c0-48d4-a3ac-a3bbb615e805",
      "createdAt": "2025-08-16T09:00:00Z",
      "updatedAt": "2025-08-16T09:00:00Z"
    }
  },
  {
    "model": "travella.booking",
    "pk": "07c0f9da-d147-490d-9355-e8e2818ae7c6",
    "fields": {
      "status": 1,
      "ticketCount": 3,
      "unitPrice": "199.99",
      "statusUpdatedAt": "2025-08-16T09:00:00Z",
      "package": "a226e071-60ca-4354-96a2-639171d39e81",
      "customer": "d310dbc2-8c54-44c2-8b71-a04b9af581d5",
      "createdAt": "2025-08-16T09:00:00Z",
      "updatedAt": "2025-08-16T09:00:00Z"
    }
  },
  {
    "model": "travella.booking",
    "pk": "af29325e-9546-4db9-8dc6-0b9c7f0f9208",
    "fields": {
      "status": 2,
      "ticketCount": 4,
      "unitPrice": "199.99",
      "statusUpdatedAt": "2025-08-16T09:00:00Z",
      "package": "7baa7b5e-4a93-47d5-af9c-c638054c211c",
      "customer": "ca4cdc9a-c258-4b72-b3e3-4346a41b6f5f",
      "createdAt": "2025-08-16T09:00:00Z",
      "updatedAt": "2025-08-16T09:00:00Z"
    }
  },
  {
    "model": "travella.booking",
    "pk": "e99a1588-6740-4e40-aab3-7ce2cbd90988",
    "fields": {
      "status": 3,
      "ticketCount": 5,
      "unitPrice": "199.99",
      "statusUpdatedAt": "2025-08-16T09:00:00Z",
      "package": "b90a41c3-177a-4de2-8f9e-164a78eb4ed1",
      "customer": "25cdafac-3fa5-433f-bab0-0dfbe6336fc2",
      "createdAt": "2025-08-16T09:00:00Z",
      "updatedAt": "2025-08-16T09:00:00Z"
    }
  },
  {
    "model": "travella.booking",
    "pk": "aa7356f9-071c-4ac1-9b74-6a78fd1dc11f",
    "fields": {
      "status": 1,
      "ticketCount": 1,
      "unitPrice": "199.99",
      "statusUpdatedAt": "2025-08-16T09:00:00Z",
      "package": "efe35a3a-d7a4-4d6c-952d-d48f938cae69",
      "customer": "597c6964-27e3-44cf-bd52-bb471c0b398c",
      "createdAt": "2025-08-16T09:00:00Z",
      "updatedAt": "2025-08-16T09:00:00Z"
    }
  },
  {
    "model": "travella.booking",
    "pk": "0101736e-e2a2-4984-bacf-b46b3274b0c3",
    "fields": {
      "status": 2,
      "ticketCount": 2,
      "unitPrice": "199.99",
      "statusUpdatedAt": "2025-08-16T09:00:00Z",
      "package": "e07c7cd4-78d0-4904-9980-b6fbc9255af4",
      "customer": "fb729b3b-db35-43bf-9859-b7d89274092b",
      "createdAt": "2025-08-16T09:00:00Z",
      "updatedAt": "2025-08-16T09:00:00Z"
    }
  },
  {
    "model": "travella.booking",
    "pk": "74e1ce9d-ffca-45be-9ee8-9c7c1763722e",
    "fields": {
      "status": 3,
      "ticketCount": 3,
      "unitPrice": "199.99",
      "statusUpdatedAt": "2025-08-16T09:00:00Z",
      "package": "1c2df966-c79b-4392-ae88-b91a1ea7f417",
      "customer": "3e3fd5fb-36c0-48d4-a3ac-a3bbb615e805",
      "createdAt": "2025-08-16T09:00:00Z",
      "updatedAt": "2025-08-16T09:00:00Z"
    }
  },
  {
    "model": "travella.booking",
    "pk": "9481361c-bea6-419b-bb60-ed89ee633b6f",
    "fields": {
      "status": 1,
      "ticketCount": 4,
      "unitPrice": "199.99",
      "statusUpdatedAt": "2025-08-16T09:00:00Z",
      "package": "b7bcb284-fcd0-4b12-9f86-b5d2a77c75df",
      "customer": "d310dbc2-8c54-44c2-8b71-a04b9af581d5",
      "createdAt": "2025-08-16T09:00:00Z",
      "updatedAt": "2025-08-16T09:00:00Z"
    }
  },
  {
    "model": "travella.booking",
    "pk": "9e56b30d-7d0b-4702-b696-033d49905b1c",
    "fields": {
      "status": 2,
      "ticketCount": 5,
      "unitPrice": "199.99",
      "statusUpdatedAt": "2025-08-16T09:00:00Z",
      "package": "2c651aed-d455-4942-b9c9-4d9c337c21a9",
      "customer": "ca4cdc9a-c258-4b72-b3e3-4346a41b6f5f",
      "createdAt": "2025-08-16T09:00:00Z",
      "updatedAt": "2025-08-16T09:00:00Z"
    }
  }
]